<?xml version="1.0" encoding="UTF-8"?>

<beans xmlns="http://www.springframework.org/schema/beans"
	xmlns:xsi="http://www.w3.org/2001/XMLSchema-instance"
	xmlns:p="http://www.springframework.org/schema/p"
	xmlns:context="http://www.springframework.org/schema/context"
	xmlns:mvc="http://www.springframework.org/schema/mvc"
	xsi:schemaLocation="http://www.springframework.org/schema/beans 
                           http://www.springframework.org/schema/beans/spring-beans.xsd
                           http://www.springframework.org/schema/context 
                           http://www.springframework.org/schema/context/spring-context.xsd
                           http://www.springframework.org/schema/mvc
                           http://www.springframework.org/schema/mvc/spring-mvc.xsd">

	<context:component-scan base-package="com"></context:component-scan>
	<bean id="ViewResolver" class="org.springframework.web.servlet.view.InternalResourceViewResolver">
	<property name="suffix" value=".jsp"></property>
	
	</bean>
	
	<!-- Connection Properties  -->
	<bean id="ds" class="org.springframework.jdbc.datasource.DriverManagerDataSource">
	
	    <property name="driverClassName" value="com.mysql.jdbc.Driver"></property>
	    <property name="url" value="jdbc:mysql://localhost:3306/batch59"></property>
	    <property name="username" value="root"></property>
	    <property name="password" value="root"></property>
	
	</bean>
	
	<!-- hibernate Properties -->
	<bean id="lf" class="org.springframework.orm.hibernate5.LocalSessionFactoryBean">
	<property name="dataSource" ref="ds"></property>
	
	<property name="hibernateProperties">
	
	<props>
	
	    <prop key="hibernate.dialect">org.hibernate.dialect.MySQLDialect</prop>
	    <prop key="hibernate.hbm2ddl.auto">update</prop>
	    <prop key="hibernate.show_sql">true</prop>
	</props>
	
	
	</property>
	
	<property name="packagesToScan" value="com.Entity"></property>
	
	</bean>

</beans>          